user_id,first_name,last_name,birthts,img_path
0,Susan,Lee,612302400000,02-src-data//1000.png
1,Rosa,Garcia,670626000000,02-src-data//1001.png
2,Nathan,Emery,697237200000,02-src-data//1002.png
3,Vernon,Evans,633733200000,02-src-data//1003.png
4,Maria,Crooks,1051214400000,02-src-data//1004.png
6,Rick,Mayfield,412549200000,02-src-data//1006.png
7,Eddie,Baumbach,874526400000,02-src-data//1007.png
8,Coletta,Haring,768081600000,02-src-data//1008.png
9,Margaret,Smith,388612800000,02-src-data//1009.png
11,Glen,Martin,636066000000,02-src-data//1011.png
12,Debbie,Mooney,423086400000,02-src-data//1012.png
13,Shaneka,Cook,752533200000,02-src-data//1013.png
14,Kim,Moore,403218000000,02-src-data//1014.png
15,Lorraine,Bingham,891288000000,02-src-data//1015.png
16,Betty,Partin,467240400000,02-src-data//1016.png
18,Jenee,Crouse,429566400000,02-src-data//1018.png
19,Wendy,Jarrette,650145600000,02-src-data//1019.png
20,Becky,Hanner,883429200000,02-src-data//1020.png
21,Ray,Nunes,352501200000,02-src-data//1021.png
22,John,Rose,919630800000,02-src-data//1022.png
23,Michael,Diaz,630277200000,02-src-data//1023.png
25,Dino,Miller,1074805200000,02-src-data//1025.png
26,James,Henry,954705600000,02-src-data//1026.png
27,Gregory,Pittman,398894400000,02-src-data//1027.png
28,Martha,Burwell,503269200000,02-src-data//1028.png
29,Jimmy,Deane,947365200000,02-src-data//1029.png
30,Kathleen,Gittens,921272400000,02-src-data//1030.png
31,Sidney,Woods,865972800000,02-src-data//1031.png
32,Robert,David,666997200000,02-src-data//1032.png
34,Brenda,Croyle,788302800000,02-src-data//1034.png
35,Adolph,Raymond,955915200000,02-src-data//1035.png
36,Ellen,Folkers,821394000000,02-src-data//1036.png
37,Patrick,Newell,853794000000,02-src-data//1037.png
38,Mary,Roman,750891600000,02-src-data//1038.png
39,Danielle,Robinson,887230800000,02-src-data//1039.png
40,Clara,Kimble,765403200000,02-src-data//1040.png
41,David,Bailey,1062446400000,02-src-data//1041.png
42,James,Nance,1063051200000,02-src-data//1042.png
43,John,Ramage,378507600000,02-src-data//1043.png
44,Christopher,Hardin,785883600000,02-src-data//1044.png
45,Suzanne,Ferguson,812581200000,02-src-data//1045.png
46,Margaret,Diaz,942872400000,02-src-data//1046.png
47,Kenneth,Osborn,793918800000,02-src-data//1047.png
48,Larry,Sanchez,1068930000000,02-src-data//1048.png
49,Brian,Brown,814050000000,02-src-data//1049.png
50,Warren,Green,443048400000,02-src-data//1050.png
51,Janet,Chavarria,1087588800000,02-src-data//1051.png
52,Carolyn,Seymore,385851600000,02-src-data//1052.png
53,Dorothy,Massey,356990400000,02-src-data//1053.png
54,Melissa,Denny,482011200000,02-src-data//1054.png
55,Jaclyn,Adams,614635200000,02-src-data//1055.png
56,Frances,Visher,906580800000,02-src-data//1056.png
57,Chad,Miller,971208000000,02-src-data//1057.png
58,Olivia,Stout,690674400000,02-src-data//1058.png
59,Wallace,Miller,821134800000,02-src-data//1059.png
60,Judith,Hatchett,925070400000,02-src-data//1060.png
61,Madelyn,Oliver,936907200000,02-src-data//1061.png
62,Robert,Kirk,506552400000,02-src-data//1062.png
63,Stephanie,Nelson,476571600000,02-src-data//1063.png
64,Barbara,Blankenship,655506000000,02-src-data//1064.png
65,Matthew,Bloom,531176400000,02-src-data//1065.png
66,Jeffrey,Mcdonald,686091600000,02-src-data//1066.png
67,Joseph,Carter,1081713600000,02-src-data//1067.png
68,Eloy,Florentino,848005200000,02-src-data//1068.png
69,David,Myles,432676800000,02-src-data//1069.png
70,Elizabeth,Hoover,334702800000,02-src-data//1070.png
71,Jerome,Weaver,1008795600000,02-src-data//1071.png
72,Morris,Hall,407019600000,02-src-data//1072.png
73,Myrtle,Ferro,840830400000,02-src-data//1073.png
74,Gisela,Patterson,464990400000,02-src-data//1074.png
75,Stacey,Bishop,493848000000,02-src-data//1075.png
76,Ray,Goins,933451200000,02-src-data//1076.png
77,Blake,Dickerson,508107600000,02-src-data//1077.png
78,David,May,601074000000,02-src-data//1078.png
79,Cindy,Wilcox,1021060800000,02-src-data//1079.png
80,Mary,Nelson,518644800000,02-src-data//1080.png
81,Amy,Smith,785710800000,02-src-data//1081.png
82,Joseph,Denton,463089600000,02-src-data//1082.png
83,Keith,Wiggin,461707200000,02-src-data//1083.png
84,Jody,Hochmuth,752446800000,02-src-data//1084.png
85,Beverly,Livesey,739224000000,02-src-data//1085.png
86,Nicole,Pharr,884552400000,02-src-data//1086.png
87,Aaron,Fox,1090094400000,02-src-data//1087.png
88,Rachel,Robinson,528148800000,02-src-data//1088.png
89,Leah,Costales,1072472400000,02-src-data//1089.png
90,Thomas,Williams,946501200000,02-src-data//1090.png
91,Opal,Morse,463780800000,02-src-data//1091.png
92,Alan,Mcgraw,469054800000,02-src-data//1092.png
93,Aaron,Towe,877809600000,02-src-data//1093.png
94,Cecil,Struck,416437200000,02-src-data//1094.png
95,Corey,Davis,1054411200000,02-src-data//1095.png
96,James,Peacock,503442000000,02-src-data//1096.png
97,John,Bausch,1013029200000,02-src-data//1097.png
98,Maria,Horton,702504000000,02-src-data//1098.png